platform,topic,n
reddit,general_feedback,1560
reddit,software_update_os,1119
bilibili,general_feedback,578
reddit,ai_ecosystem,463
reddit,camera_imaging,341
reddit,performance_gaming,319
reddit,battery_power,252
reddit,price_value,233
reddit,connectivity_calls,219
reddit,display_design,217
gsmarena_notebookcheck,software_update_os,197
reddit,thermal_performance,188
bilibili,price_value,124
gsmarena_notebookcheck,general_feedback,113
gsmarena_notebookcheck,performance_gaming,103
reddit,reliability_quality,92
bilibili,camera_imaging,87
gsmarena_notebookcheck,ai_ecosystem,85
gsmarena_notebookcheck,battery_power,80
gsmarena_notebookcheck,camera_imaging,75
gsmarena_notebookcheck,display_design,72
gsmarena_notebookcheck,price_value,70
bilibili,software_update_os,64
bilibili,performance_gaming,64
bilibili,battery_power,49
gsmarena_notebookcheck,connectivity_calls,49
bilibili,display_design,41
gsmarena_notebookcheck,thermal_performance,36
gsmarena_notebookcheck,reliability_quality,26
bilibili,ai_ecosystem,15
smzdm,software_update_os,10
bilibili,thermal_performance,9
bilibili,reliability_quality,6
smzdm,general_feedback,4
bilibili,connectivity_calls,1
